"Type","Name","Timestamp","# requests","# failures","Requests/s","Requests Failed/s","Median response time","Average response time","Min response time","Max response time","Average Content Size","50%","66%","75%","80%","90%","95%","98%","99%","99.9%","99.99%","99.999","100%"
"None","Aggregated","1592019405",21,0,0.00,0.00,19,80,2,243.22,24971.90,0,0,0,0,0,0,0,0,0,0,0,0
"None","Aggregated","1592019407",70,0,1.00,0.00,19,81,2,276.92,18815.96,19,47,200,200,230,230,250,280,280,280,280,280
"None","Aggregated","1592019409",96,0,16.33,0.00,33,96,2,437.10,18489.31,37,76,200,220,250,310,410,440,440,440,440,440
"None","Aggregated","1592019411",96,0,16.33,0.00,33,96,2,437.10,18489.31,37,76,200,220,250,310,410,440,440,440,440,440
"None","Aggregated","1592019413",96,0,16.33,0.00,33,96,2,437.10,18489.31,37,76,200,220,250,310,410,440,440,440,440,440
"None","Aggregated","1592019415",96,0,16.33,0.00,33,96,2,437.10,18489.31,43,76,220,230,270,330,410,440,440,440,440,440
"None","Aggregated","1592019417",96,0,16.33,0.00,33,96,2,437.10,18489.31,66,250,270,310,340,410,440,440,440,440,440,440
"None","Aggregated","1592019419",96,0,16.33,0.00,33,96,2,437.10,18489.31,410,410,440,440,440,440,440,440,440,440,440,440
"None","Aggregated","1592019421",96,0,16.33,0.00,33,96,2,437.10,18489.31,410,410,440,440,440,440,440,440,440,440,440,440
"None","Aggregated","1592019423",96,0,16.33,0.00,33,96,2,437.10,18489.31,410,410,440,440,440,440,440,440,440,440,440,440
"None","Aggregated","1592019425",96,0,16.33,0.00,33,96,2,437.10,18489.31,410,410,440,440,440,440,440,440,440,440,440,440
"None","Aggregated","1592019427",96,0,16.33,0.00,33,96,2,437.10,18489.31,0,0,0,0,0,0,0,0,0,0,0,0
"None","Aggregated","1592019429",96,0,16.33,0.00,33,96,2,437.10,18489.31,0,0,0,0,0,0,0,0,0,0,0,0
"None","Aggregated","1592019431",96,0,16.33,0.00,33,96,2,437.10,18489.31,0,0,0,0,0,0,0,0,0,0,0,0
"None","Aggregated","1592019433",96,0,16.33,0.00,33,96,2,437.10,18489.31,0,0,0,0,0,0,0,0,0,0,0,0
"None","Aggregated","1592019435",96,0,16.33,0.00,33,96,2,437.10,18489.31,0,0,0,0,0,0,0,0,0,0,0,0
"None","Aggregated","1592019437",96,0,16.33,0.00,33,96,2,437.10,18489.31,0,0,0,0,0,0,0,0,0,0,0,0
"None","Aggregated","1592019439",96,0,16.33,0.00,33,96,2,437.10,18489.31,0,0,0,0,0,0,0,0,0,0,0,0
"None","Aggregated","1592019441",96,0,16.33,0.00,33,96,2,437.10,18489.31,0,0,0,0,0,0,0,0,0,0,0,0
"None","Aggregated","1592019443",96,0,16.33,0.00,33,96,2,437.10,18489.31,0,0,0,0,0,0,0,0,0,0,0,0
"None","Aggregated","1592019445",96,0,16.33,0.00,33,96,2,437.10,18489.31,0,0,0,0,0,0,0,0,0,0,0,0
"None","Aggregated","1592019447",96,0,16.33,0.00,33,96,2,437.10,18489.31,0,0,0,0,0,0,0,0,0,0,0,0
"None","Aggregated","1592019449",96,0,16.33,0.00,33,96,2,437.10,18489.31,0,0,0,0,0,0,0,0,0,0,0,0
"None","Aggregated","1592019451",96,0,16.33,0.00,33,96,2,437.10,18489.31,0,0,0,0,0,0,0,0,0,0,0,0
"None","Aggregated","1592019453",96,0,16.33,0.00,33,96,2,437.10,18489.31,0,0,0,0,0,0,0,0,0,0,0,0
"None","Aggregated","1592019455",96,0,16.33,0.00,33,96,2,437.10,18489.31,0,0,0,0,0,0,0,0,0,0,0,0
"None","Aggregated","1592019457",96,0,16.33,0.00,33,96,2,437.10,18489.31,0,0,0,0,0,0,0,0,0,0,0,0
"None","Aggregated","1592019459",96,0,16.33,0.00,33,96,2,437.10,18489.31,0,0,0,0,0,0,0,0,0,0,0,0
"None","Aggregated","1592019461",96,0,16.33,0.00,33,96,2,437.10,18489.31,0,0,0,0,0,0,0,0,0,0,0,0
"None","Aggregated","1592019463",96,0,16.33,0.00,33,96,2,437.10,18489.31,0,0,0,0,0,0,0,0,0,0,0,0
"None","Aggregated","1592019465",96,0,16.33,0.00,33,96,2,437.10,18489.31,0,0,0,0,0,0,0,0,0,0,0,0
"None","Aggregated","1592019467",96,0,16.33,0.00,33,96,2,437.10,18489.31,0,0,0,0,0,0,0,0,0,0,0,0
"None","Aggregated","1592019469",96,0,16.33,0.00,33,96,2,437.10,18489.31,0,0,0,0,0,0,0,0,0,0,0,0
"None","Aggregated","1592019471",96,0,16.33,0.00,33,96,2,437.10,18489.31,0,0,0,0,0,0,0,0,0,0,0,0
"None","Aggregated","1592019473",97,0,0.00,0.00,37,787,2,67046.64,19673.25,67000,67000,67000,67000,67000,67000,67000,67000,67000,67000,67000,67000
"None","Aggregated","1592019475",97,0,0.00,0.00,37,787,2,67046.64,19673.25,67000,67000,67000,67000,67000,67000,67000,67000,67000,67000,67000,67000
"None","Aggregated","1592019477",97,0,0.00,0.00,37,787,2,67046.64,19673.25,67000,67000,67000,67000,67000,67000,67000,67000,67000,67000,67000,67000
"None","Aggregated","1592019479",97,0,0.00,0.00,37,787,2,67046.64,19673.25,67000,67000,67000,67000,67000,67000,67000,67000,67000,67000,67000,67000
"None","Aggregated","1592019481",97,0,0.00,0.00,37,787,2,67046.64,19673.25,67000,67000,67000,67000,67000,67000,67000,67000,67000,67000,67000,67000
"None","Aggregated","1592019483",97,0,0.00,0.00,37,787,2,67046.64,19673.25,67000,67000,67000,67000,67000,67000,67000,67000,67000,67000,67000,67000
"None","Aggregated","1592019485",97,0,0.00,0.00,37,787,2,67046.64,19673.25,67000,67000,67000,67000,67000,67000,67000,67000,67000,67000,67000,67000
"None","Aggregated","1592019487",97,0,0.00,0.00,37,787,2,67046.64,19673.25,67000,67000,67000,67000,67000,67000,67000,67000,67000,67000,67000,67000
"None","Aggregated","1592019489",97,0,0.00,0.00,37,787,2,67046.64,19673.25,67000,67000,67000,67000,67000,67000,67000,67000,67000,67000,67000,67000
"None","Aggregated","1592019491",97,0,0.00,0.00,37,787,2,67046.64,19673.25,0,0,0,0,0,0,0,0,0,0,0,0
"None","Aggregated","1592019493",97,0,0.00,0.00,37,787,2,67046.64,19673.25,0,0,0,0,0,0,0,0,0,0,0,0
"None","Aggregated","1592019495",97,0,0.00,0.00,37,787,2,67046.64,19673.25,0,0,0,0,0,0,0,0,0,0,0,0
"None","Aggregated","1592019497",97,0,0.00,0.00,37,787,2,67046.64,19673.25,0,0,0,0,0,0,0,0,0,0,0,0
"None","Aggregated","1592019499",97,0,0.00,0.00,37,787,2,67046.64,19673.25,0,0,0,0,0,0,0,0,0,0,0,0
"None","Aggregated","1592019501",97,0,0.00,0.00,37,787,2,67046.64,19673.25,0,0,0,0,0,0,0,0,0,0,0,0
"None","Aggregated","1592019503",98,0,0.00,0.00,37,1763,2,96496.24,20813.97,0,0,0,0,0,0,0,0,0,0,0,0
"None","Aggregated","1592019505",98,0,0.00,0.00,37,1763,2,96496.24,20813.97,96000,96000,96000,96000,96000,96000,96000,96000,96000,96000,96000,96000
"None","Aggregated","1592019507",99,0,0.10,0.00,41,2733,2,97786.44,21950.51,98000,98000,98000,98000,98000,98000,98000,98000,98000,98000,98000,98000
"None","Aggregated","1592019510",99,0,0.10,0.00,41,2733,2,97786.44,21950.51,98000,98000,98000,98000,98000,98000,98000,98000,98000,98000,98000,98000
"None","Aggregated","1592019512",99,0,0.10,0.00,41,2733,2,97786.44,21950.51,98000,98000,98000,98000,98000,98000,98000,98000,98000,98000,98000,98000
"None","Aggregated","1592019514",99,0,0.10,0.00,41,2733,2,97786.44,21950.51,98000,98000,98000,98000,98000,98000,98000,98000,98000,98000,98000,98000
"None","Aggregated","1592019516",99,0,0.10,0.00,41,2733,2,97786.44,21950.51,98000,98000,98000,98000,98000,98000,98000,98000,98000,98000,98000,98000
"None","Aggregated","1592019518",99,0,0.10,0.00,41,2733,2,97786.44,21950.51,98000,98000,98000,98000,98000,98000,98000,98000,98000,98000,98000,98000
"None","Aggregated","1592019520",99,0,0.10,0.00,41,2733,2,97786.44,21950.51,98000,98000,98000,98000,98000,98000,98000,98000,98000,98000,98000,98000
"None","Aggregated","1592019522",99,0,0.10,0.00,41,2733,2,97786.44,21950.51,98000,98000,98000,98000,98000,98000,98000,98000,98000,98000,98000,98000
"None","Aggregated","1592019524",99,0,0.10,0.00,41,2733,2,97786.44,21950.51,0,0,0,0,0,0,0,0,0,0,0,0
"None","Aggregated","1592019526",99,0,0.10,0.00,41,2733,2,97786.44,21950.51,0,0,0,0,0,0,0,0,0,0,0,0
"None","Aggregated","1592019528",99,0,0.10,0.00,41,2733,2,97786.44,21950.51,0,0,0,0,0,0,0,0,0,0,0,0
"None","Aggregated","1592019530",99,0,0.10,0.00,41,2733,2,97786.44,21950.51,0,0,0,0,0,0,0,0,0,0,0,0
"None","Aggregated","1592019532",99,0,0.10,0.00,41,2733,2,97786.44,21950.51,0,0,0,0,0,0,0,0,0,0,0,0
"None","Aggregated","1592019534",100,0,0.00,0.00,41,3980,2,127465.70,45954.13,127000,127000,127000,127000,127000,127000,127000,127000,127000,127000,127000,127000
"None","Aggregated","1592019536",100,0,0.00,0.00,41,3980,2,127465.70,45954.13,127000,127000,127000,127000,127000,127000,127000,127000,127000,127000,127000,127000
"None","Aggregated","1592019538",100,0,0.00,0.00,41,3980,2,127465.70,45954.13,127000,127000,127000,127000,127000,127000,127000,127000,127000,127000,127000,127000
"None","Aggregated","1592019540",100,0,0.00,0.00,41,3980,2,127465.70,45954.13,127000,127000,127000,127000,127000,127000,127000,127000,127000,127000,127000,127000
"None","Aggregated","1592019542",105,0,0.10,0.00,43,10165,2,134640.71,44529.96,135000,135000,135000,135000,135000,135000,135000,135000,135000,135000,135000,135000
"None","Aggregated","1592019544",108,0,0.10,0.00,47,13630,2,135588.14,43738.37,135000,135000,135000,135000,136000,136000,136000,136000,136000,136000,136000,136000
"None","Aggregated","1592019546",109,0,0.60,0.00,47,14773,2,138258.89,74666.79,135000,135000,135000,136000,138000,138000,138000,138000,138000,138000,138000,138000
"None","Aggregated","1592019548",109,0,0.60,0.00,47,14773,2,138258.89,74666.79,135000,135000,135000,136000,138000,138000,138000,138000,138000,138000,138000,138000
"None","Aggregated","1592019550",109,0,0.60,0.00,47,14773,2,138258.89,74666.79,135000,135000,136000,136000,138000,138000,138000,138000,138000,138000,138000,138000
"None","Aggregated","1592019552",110,0,0.90,0.00,47,15948,2,143927.76,105095.18,136000,138000,138000,144000,144000,144000,144000,144000,144000,144000,144000,144000
"None","Aggregated","1592019554",117,0,0.60,0.00,61,23676,2,146937.19,392858.97,145000,145000,145000,146000,147000,147000,147000,147000,147000,147000,147000,147000
"None","Aggregated","1592019556",120,0,0.50,0.00,64,26748,2,147781.96,470837.95,145000,146000,146000,146000,147000,148000,148000,148000,148000,148000,148000,148000
"None","Aggregated","1592019558",120,0,0.50,0.00,64,26748,2,147781.96,470837.95,145000,146000,146000,146000,147000,148000,148000,148000,148000,148000,148000,148000
"None","Aggregated","1592019560",126,0,1.10,0.00,70,32750,2,153671.60,1112946.75,146000,151000,153000,153000,153000,154000,154000,154000,154000,154000,154000,154000
"None","Aggregated","1592019562",126,0,1.10,0.00,70,32750,2,153671.60,1112946.75,148000,153000,153000,153000,153000,154000,154000,154000,154000,154000,154000,154000
"None","Aggregated","1592019564",126,0,1.10,0.00,70,32750,2,153671.60,1112946.75,153000,153000,153000,153000,154000,154000,154000,154000,154000,154000,154000,154000
"None","Aggregated","1592019566",128,0,1.30,0.00,76,34714,2,159007.07,1100521.70,153000,154000,158000,158000,159000,159000,159000,159000,159000,159000,159000,159000
"None","Aggregated","1592019568",128,0,1.30,0.00,76,34714,2,159007.07,1100521.70,153000,154000,158000,158000,159000,159000,159000,159000,159000,159000,159000,159000
"None","Aggregated","1592019570",128,0,1.30,0.00,76,34714,2,159007.07,1100521.70,153000,154000,158000,158000,159000,159000,159000,159000,159000,159000,159000,159000
"None","Aggregated","1592019572",128,0,1.30,0.00,76,34714,2,159007.07,1100521.70,159000,159000,159000,159000,159000,159000,159000,159000,159000,159000,159000,159000
"None","Aggregated","1592019574",128,0,1.30,0.00,76,34714,2,159007.07,1100521.70,159000,159000,159000,159000,159000,159000,159000,159000,159000,159000,159000,159000
"None","Aggregated","1592019576",128,0,1.30,0.00,76,34714,2,159007.07,1100521.70,159000,159000,159000,159000,159000,159000,159000,159000,159000,159000,159000,159000
"None","Aggregated","1592019578",128,0,1.30,0.00,76,34714,2,159007.07,1100521.70,159000,159000,159000,159000,159000,159000,159000,159000,159000,159000,159000,159000
"None","Aggregated","1592019580",128,0,1.30,0.00,76,34714,2,159007.07,1100521.70,159000,159000,159000,159000,159000,159000,159000,159000,159000,159000,159000,159000
"None","Aggregated","1592019582",128,0,1.30,0.00,76,34714,2,159007.07,1100521.70,159000,159000,159000,159000,159000,159000,159000,159000,159000,159000,159000,159000
"None","Aggregated","1592019584",128,0,1.30,0.00,76,34714,2,159007.07,1100521.70,0,0,0,0,0,0,0,0,0,0,0,0
"None","Aggregated","1592019586",128,0,1.30,0.00,76,34714,2,159007.07,1100521.70,0,0,0,0,0,0,0,0,0,0,0,0
"None","Aggregated","1592019588",128,0,1.30,0.00,76,34714,2,159007.07,1100521.70,0,0,0,0,0,0,0,0,0,0,0,0
"None","Aggregated","1592019590",128,0,1.30,0.00,76,34714,2,159007.07,1100521.70,0,0,0,0,0,0,0,0,0,0,0,0
"None","Aggregated","1592019592",128,0,1.30,0.00,76,34714,2,159007.07,1100521.70,0,0,0,0,0,0,0,0,0,0,0,0
"None","Aggregated","1592019594",128,0,1.30,0.00,76,34714,2,159007.07,1100521.70,0,0,0,0,0,0,0,0,0,0,0,0
"None","Aggregated","1592019596",128,0,1.30,0.00,76,34714,2,159007.07,1100521.70,0,0,0,0,0,0,0,0,0,0,0,0
"None","Aggregated","1592019598",128,0,1.30,0.00,76,34714,2,159007.07,1100521.70,0,0,0,0,0,0,0,0,0,0,0,0
"None","Aggregated","1592019600",128,0,1.30,0.00,76,34714,2,159007.07,1100521.70,0,0,0,0,0,0,0,0,0,0,0,0
"None","Aggregated","1592019602",128,0,1.30,0.00,76,34714,2,159007.07,1100521.70,0,0,0,0,0,0,0,0,0,0,0,0
"None","Aggregated","1592019604",128,0,1.30,0.00,76,34714,2,159007.07,1100521.70,0,0,0,0,0,0,0,0,0,0,0,0
"None","Aggregated","1592019606",128,0,1.30,0.00,76,34714,2,159007.07,1100521.70,0,0,0,0,0,0,0,0,0,0,0,0
"None","Aggregated","1592019608",128,0,1.30,0.00,76,34714,2,159007.07,1100521.70,0,0,0,0,0,0,0,0,0,0,0,0
"None","Aggregated","1592019610",128,0,1.30,0.00,76,34714,2,159007.07,1100521.70,0,0,0,0,0,0,0,0,0,0,0,0
"None","Aggregated","1592019612",128,0,1.30,0.00,76,34714,2,159007.07,1100521.70,0,0,0,0,0,0,0,0,0,0,0,0
"None","Aggregated","1592019614",128,0,1.30,0.00,76,34714,2,159007.07,1100521.70,0,0,0,0,0,0,0,0,0,0,0,0
"None","Aggregated","1592019616",128,0,1.30,0.00,76,34714,2,159007.07,1100521.70,0,0,0,0,0,0,0,0,0,0,0,0
"None","Aggregated","1592019618",128,0,1.30,0.00,76,34714,2,159007.07,1100521.70,0,0,0,0,0,0,0,0,0,0,0,0
"None","Aggregated","1592019620",128,0,1.30,0.00,76,34714,2,159007.07,1100521.70,0,0,0,0,0,0,0,0,0,0,0,0
"None","Aggregated","1592019622",128,0,1.30,0.00,76,34714,2,159007.07,1100521.70,0,0,0,0,0,0,0,0,0,0,0,0
"None","Aggregated","1592019624",128,0,1.30,0.00,76,34714,2,159007.07,1100521.70,0,0,0,0,0,0,0,0,0,0,0,0
"None","Aggregated","1592019626",129,0,0.00,0.00,76,34445,2,159007.07,1092827.91,28,28,28,28,28,28,28,28,28,28,28,28
"None","Aggregated","1592019628",129,0,0.00,0.00,76,34445,2,159007.07,1092827.91,28,28,28,28,28,28,28,28,28,28,28,28
"None","Aggregated","1592019630",129,0,0.00,0.00,76,34445,2,159007.07,1092827.91,28,28,28,28,28,28,28,28,28,28,28,28
"None","Aggregated","1592019632",130,0,0.10,0.00,76,34227,2,159007.07,1192443.08,6100,6100,6100,6100,6100,6100,6100,6100,6100,6100,6100,6100
"None","Aggregated","1592019634",130,0,0.10,0.00,76,34227,2,159007.07,1192443.08,6100,6100,6100,6100,6100,6100,6100,6100,6100,6100,6100,6100
"None","Aggregated","1592019636",130,0,0.10,0.00,76,34227,2,159007.07,1192443.08,6100,6100,6100,6100,6100,6100,6100,6100,6100,6100,6100,6100
"None","Aggregated","1592019638",130,0,0.10,0.00,76,34227,2,159007.07,1192443.08,6100,6100,6100,6100,6100,6100,6100,6100,6100,6100,6100,6100
"None","Aggregated","1592019640",130,0,0.10,0.00,76,34227,2,159007.07,1192443.08,6100,6100,6100,6100,6100,6100,6100,6100,6100,6100,6100,6100
"None","Aggregated","1592019642",130,0,0.10,0.00,76,34227,2,159007.07,1192443.08,6100,6100,6100,6100,6100,6100,6100,6100,6100,6100,6100,6100
"None","Aggregated","1592019644",130,0,0.10,0.00,76,34227,2,159007.07,1192443.08,6100,6100,6100,6100,6100,6100,6100,6100,6100,6100,6100,6100
"None","Aggregated","1592019646",131,0,0.00,0.00,76,33966,2,159007.07,1183693.69,6100,6100,6100,6100,6100,6100,6100,6100,6100,6100,6100,6100
"None","Aggregated","1592019648",132,0,0.10,0.00,76,33731,2,159007.07,1200597.04,2900,2900,2900,2900,2900,2900,2900,2900,2900,2900,2900,2900
"None","Aggregated","1592019650",132,0,0.10,0.00,76,33731,2,159007.07,1200597.04,2900,2900,2900,2900,2900,2900,2900,2900,2900,2900,2900,2900
"None","Aggregated","1592019652",132,0,0.10,0.00,76,33731,2,159007.07,1200597.04,2900,2900,2900,2900,2900,2900,2900,2900,2900,2900,2900,2900
"None","Aggregated","1592019654",132,0,0.10,0.00,76,33731,2,159007.07,1200597.04,2900,2900,2900,2900,2900,2900,2900,2900,2900,2900,2900,2900
"None","Aggregated","1592019656",132,0,0.10,0.00,76,33731,2,159007.07,1200597.04,2900,2900,2900,2900,2900,2900,2900,2900,2900,2900,2900,2900
"None","Aggregated","1592019658",132,0,0.10,0.00,76,33731,2,159007.07,1200597.04,2900,2900,2900,2900,2900,2900,2900,2900,2900,2900,2900,2900
"None","Aggregated","1592019660",133,0,0.10,0.00,76,33478,2,159007.07,1191917.91,2900,2900,2900,2900,2900,2900,2900,2900,2900,2900,2900,2900
"None","Aggregated","1592019662",133,0,0.10,0.00,76,33478,2,159007.07,1191917.91,2900,2900,2900,2900,2900,2900,2900,2900,2900,2900,2900,2900
"None","Aggregated","1592019664",134,0,0.10,0.00,76,33249,2,159007.07,1184018.01,2900,2900,2900,2900,2900,2900,2900,2900,2900,2900,2900,2900
"None","Aggregated","1592019666",134,0,0.10,0.00,76,33249,2,159007.07,1184018.01,2900,2900,2900,2900,2900,2900,2900,2900,2900,2900,2900,2900
"None","Aggregated","1592019668",134,0,0.10,0.00,76,33249,2,159007.07,1184018.01,2900,2900,2900,2900,2900,2900,2900,2900,2900,2900,2900,2900
"None","Aggregated","1592019670",134,0,0.10,0.00,76,33249,2,159007.07,1184018.01,2900,2900,2900,2900,2900,2900,2900,2900,2900,2900,2900,2900
"None","Aggregated","1592019672",134,0,0.10,0.00,76,33249,2,159007.07,1184018.01,2900,2900,2900,2900,2900,2900,2900,2900,2900,2900,2900,2900
"None","Aggregated","1592019674",135,0,0.10,0.00,76,33003,2,159007.07,1175590.27,2900,2900,2900,2900,2900,2900,2900,2900,2900,2900,2900,2900
"None","Aggregated","1592019676",136,0,0.10,0.00,76,32782,2,159007.07,1167926.60,2900,2900,2900,2900,2900,2900,2900,2900,2900,2900,2900,2900
"None","Aggregated","1592019678",136,0,0.10,0.00,76,32782,2,159007.07,1167926.60,2900,2900,2900,2900,2900,2900,2900,2900,2900,2900,2900,2900
"None","Aggregated","1592019680",137,0,0.20,0.00,76,32544,2,159007.07,1159781.58,66,66,2900,2900,2900,2900,2900,2900,2900,2900,2900,2900
"None","Aggregated","1592019682",138,0,0.20,0.00,70,32308,2,159007.07,1152160.14,66,66,2900,2900,2900,2900,2900,2900,2900,2900,2900,2900
"None","Aggregated","1592019684",139,0,0.30,0.00,76,32100,2,159007.07,1193617.71,2900,2900,3400,3400,3400,3400,3400,3400,3400,3400,3400,3400
"None","Aggregated","1592019686",140,0,0.50,0.00,70,31871,2,159007.07,1185863.46,62,2900,2900,3400,3400,3400,3400,3400,3400,3400,3400,3400
"None","Aggregated","1592019688",140,0,0.50,0.00,70,31871,2,159007.07,1185863.46,62,62,3400,3400,3400,3400,3400,3400,3400,3400,3400,3400
"None","Aggregated","1592019690",140,0,0.50,0.00,70,31871,2,159007.07,1185863.46,36,36,3400,3400,3400,3400,3400,3400,3400,3400,3400,3400
"None","Aggregated","1592019692",141,0,0.40,0.00,76,31719,2,159007.07,1276114.67,3400,3400,10000,10000,10000,10000,10000,10000,10000,10000,10000,10000
"None","Aggregated","1592019694",141,0,0.40,0.00,76,31719,2,159007.07,1276114.67,10000,10000,10000,10000,10000,10000,10000,10000,10000,10000,10000,10000
"None","Aggregated","1592019696",142,0,0.20,0.00,76,31567,2,159007.07,1365094.73,10000,10000,10000,10000,10000,10000,10000,10000,10000,10000,10000,10000
"None","Aggregated","1592019698",142,0,0.20,0.00,76,31567,2,159007.07,1365094.73,10000,10000,10000,10000,10000,10000,10000,10000,10000,10000,10000,10000
"None","Aggregated","1592019700",143,0,0.20,0.00,76,31347,2,159007.07,1355872.20,10000,10000,10000,10000,10000,10000,10000,10000,10000,10000,10000,10000
"None","Aggregated","1592019702",144,0,0.30,0.00,76,31153,2,159007.07,1347382.33,10000,10000,10000,10000,10000,10000,10000,10000,10000,10000,10000,10000
"None","Aggregated","1592019704",145,0,0.30,0.00,76,30939,2,159007.07,1338449.07,3500,3500,10000,10000,10000,10000,10000,10000,10000,10000,10000,10000
"None","Aggregated","1592019706",146,0,0.40,0.00,76,30750,2,159007.07,1333789.38,3400,3400,3500,3500,3500,3500,3500,3500,3500,3500,3500,3500
"None","Aggregated","1592019708",146,0,0.40,0.00,76,30750,2,159007.07,1333789.38,3400,3400,3500,3500,3500,3500,3500,3500,3500,3500,3500,3500
"None","Aggregated","1592019710",146,0,0.40,0.00,76,30750,2,159007.07,1333789.38,3400,3400,3500,3500,3500,3500,3500,3500,3500,3500,3500,3500
"None","Aggregated","1592019712",146,0,0.40,0.00,76,30750,2,159007.07,1333789.38,3400,3400,3400,3400,3400,3400,3400,3400,3400,3400,3400,3400
"None","Aggregated","1592019714",146,0,0.40,0.00,76,30750,2,159007.07,1333789.38,3400,3400,3400,3400,3400,3400,3400,3400,3400,3400,3400,3400
"None","Aggregated","1592019716",146,0,0.40,0.00,76,30750,2,159007.07,1333789.38,3400,3400,3400,3400,3400,3400,3400,3400,3400,3400,3400,3400
"None","Aggregated","1592019718",146,0,0.40,0.00,76,30750,2,159007.07,1333789.38,3400,3400,3400,3400,3400,3400,3400,3400,3400,3400,3400,3400
"None","Aggregated","1592019720",146,0,0.40,0.00,76,30750,2,159007.07,1333789.38,3400,3400,3400,3400,3400,3400,3400,3400,3400,3400,3400,3400
"None","Aggregated","1592019722",146,0,0.40,0.00,76,30750,2,159007.07,1333789.38,3400,3400,3400,3400,3400,3400,3400,3400,3400,3400,3400,3400
"None","Aggregated","1592019724",146,0,0.40,0.00,76,30750,2,159007.07,1333789.38,0,0,0,0,0,0,0,0,0,0,0,0
"None","Aggregated","1592019726",146,0,0.40,0.00,76,30750,2,159007.07,1333789.38,0,0,0,0,0,0,0,0,0,0,0,0
"None","Aggregated","1592019728",146,0,0.40,0.00,76,30750,2,159007.07,1333789.38,0,0,0,0,0,0,0,0,0,0,0,0
"None","Aggregated","1592019730",146,0,0.40,0.00,76,30750,2,159007.07,1333789.38,0,0,0,0,0,0,0,0,0,0,0,0
"None","Aggregated","1592019732",146,0,0.40,0.00,76,30750,2,159007.07,1333789.38,0,0,0,0,0,0,0,0,0,0,0,0
"None","Aggregated","1592019734",146,0,0.40,0.00,76,30750,2,159007.07,1333789.38,0,0,0,0,0,0,0,0,0,0,0,0
"None","Aggregated","1592019736",146,0,0.40,0.00,76,30750,2,159007.07,1333789.38,0,0,0,0,0,0,0,0,0,0,0,0
"None","Aggregated","1592019738",146,0,0.40,0.00,76,30750,2,159007.07,1333789.38,0,0,0,0,0,0,0,0,0,0,0,0
"None","Aggregated","1592019740",146,0,0.40,0.00,76,30750,2,159007.07,1333789.38,0,0,0,0,0,0,0,0,0,0,0,0
"None","Aggregated","1592019742",146,0,0.40,0.00,76,30750,2,159007.07,1333789.38,0,0,0,0,0,0,0,0,0,0,0,0
"None","Aggregated","1592019744",146,0,0.40,0.00,76,30750,2,159007.07,1333789.38,0,0,0,0,0,0,0,0,0,0,0,0
"None","Aggregated","1592019746",146,0,0.40,0.00,76,30750,2,159007.07,1333789.38,0,0,0,0,0,0,0,0,0,0,0,0
"None","Aggregated","1592019748",146,0,0.40,0.00,76,30750,2,159007.07,1333789.38,0,0,0,0,0,0,0,0,0,0,0,0
"None","Aggregated","1592019750",146,0,0.40,0.00,76,30750,2,159007.07,1333789.38,0,0,0,0,0,0,0,0,0,0,0,0
"None","Aggregated","1592019752",146,0,0.40,0.00,76,30750,2,159007.07,1333789.38,0,0,0,0,0,0,0,0,0,0,0,0
"None","Aggregated","1592019754",146,0,0.40,0.00,76,30750,2,159007.07,1333789.38,0,0,0,0,0,0,0,0,0,0,0,0
"None","Aggregated","1592019756",147,0,0.00,0.00,76,30541,2,159007.07,1325030.76,18,18,18,18,18,18,18,18,18,18,18,18
"None","Aggregated","1592019758",147,0,0.00,0.00,76,30541,2,159007.07,1325030.76,18,18,18,18,18,18,18,18,18,18,18,18
"None","Aggregated","1592019760",148,0,0.10,0.00,76,30362,2,159007.07,1339198.05,4100,4100,4100,4100,4100,4100,4100,4100,4100,4100,4100,4100
"None","Aggregated","1592019762",148,0,0.10,0.00,76,30362,2,159007.07,1339198.05,4100,4100,4100,4100,4100,4100,4100,4100,4100,4100,4100,4100
"None","Aggregated","1592019764",148,0,0.10,0.00,76,30362,2,159007.07,1339198.05,4100,4100,4100,4100,4100,4100,4100,4100,4100,4100,4100,4100
"None","Aggregated","1592019766",148,0,0.10,0.00,76,30362,2,159007.07,1339198.05,4100,4100,4100,4100,4100,4100,4100,4100,4100,4100,4100,4100
"None","Aggregated","1592019768",148,0,0.10,0.00,76,30362,2,159007.07,1339198.05,4100,4100,4100,4100,4100,4100,4100,4100,4100,4100,4100,4100
"None","Aggregated","1592019770",149,0,0.10,0.00,76,30159,2,159007.07,1330481.11,4100,4100,4100,4100,4100,4100,4100,4100,4100,4100,4100,4100
"None","Aggregated","1592019772",149,0,0.10,0.00,76,30159,2,159007.07,1330481.11,4100,4100,4100,4100,4100,4100,4100,4100,4100,4100,4100,4100
"None","Aggregated","1592019774",149,0,0.10,0.00,76,30159,2,159007.07,1330481.11,59,59,59,59,59,59,59,59,59,59,59,59
"None","Aggregated","1592019776",149,0,0.10,0.00,76,30159,2,159007.07,1330481.11,59,59,59,59,59,59,59,59,59,59,59,59
"None","Aggregated","1592019778",149,0,0.10,0.00,76,30159,2,159007.07,1330481.11,59,59,59,59,59,59,59,59,59,59,59,59
"None","Aggregated","1592019780",150,0,0.10,0.00,76,30024,2,159007.07,1323719.54,10000,10000,10000,10000,10000,10000,10000,10000,10000,10000,10000,10000
"None","Aggregated","1592019782",150,0,0.10,0.00,76,30024,2,159007.07,1323719.54,10000,10000,10000,10000,10000,10000,10000,10000,10000,10000,10000,10000
"None","Aggregated","1592019784",150,0,0.10,0.00,76,30024,2,159007.07,1323719.54,10000,10000,10000,10000,10000,10000,10000,10000,10000,10000,10000,10000
"None","Aggregated","1592019786",150,0,0.10,0.00,76,30024,2,159007.07,1323719.54,10000,10000,10000,10000,10000,10000,10000,10000,10000,10000,10000,10000
"None","Aggregated","1592019788",150,0,0.10,0.00,76,30024,2,159007.07,1323719.54,10000,10000,10000,10000,10000,10000,10000,10000,10000,10000,10000,10000
"None","Aggregated","1592019790",150,0,0.10,0.00,76,30024,2,159007.07,1323719.54,10000,10000,10000,10000,10000,10000,10000,10000,10000,10000,10000,10000
"None","Aggregated","1592019792",150,0,0.10,0.00,76,30024,2,159007.07,1323719.54,10000,10000,10000,10000,10000,10000,10000,10000,10000,10000,10000,10000
"None","Aggregated","1592019794",150,0,0.10,0.00,76,30024,2,159007.07,1323719.54,10000,10000,10000,10000,10000,10000,10000,10000,10000,10000,10000,10000
"None","Aggregated","1592019796",150,0,0.10,0.00,76,30024,2,159007.07,1323719.54,10000,10000,10000,10000,10000,10000,10000,10000,10000,10000,10000,10000
"None","Aggregated","1592019798",150,0,0.10,0.00,76,30024,2,159007.07,1323719.54,0,0,0,0,0,0,0,0,0,0,0,0
"None","Aggregated","1592019800",150,0,0.10,0.00,76,30024,2,159007.07,1323719.54,0,0,0,0,0,0,0,0,0,0,0,0
"None","Aggregated","1592019802",150,0,0.10,0.00,76,30024,2,159007.07,1323719.54,0,0,0,0,0,0,0,0,0,0,0,0
"None","Aggregated","1592019804",150,0,0.10,0.00,76,30024,2,159007.07,1323719.54,0,0,0,0,0,0,0,0,0,0,0,0
"None","Aggregated","1592019806",150,0,0.10,0.00,76,30024,2,159007.07,1323719.54,0,0,0,0,0,0,0,0,0,0,0,0
"None","Aggregated","1592019808",150,0,0.10,0.00,76,30024,2,159007.07,1323719.54,0,0,0,0,0,0,0,0,0,0,0,0
"None","Aggregated","1592019810",151,0,0.00,0.00,76,29826,2,159007.07,1315259.63,60,60,60,60,60,60,60,60,60,60,60,60
"None","Aggregated","1592019812",152,0,0.10,0.00,76,29653,2,159007.07,1329073.29,3600,3600,3600,3600,3600,3600,3600,3600,3600,3600,3600,3600
"None","Aggregated","1592019814",152,0,0.10,0.00,76,29653,2,159007.07,1329073.29,3600,3600,3600,3600,3600,3600,3600,3600,3600,3600,3600,3600
"None","Aggregated","1592019816",152,0,0.10,0.00,76,29653,2,159007.07,1329073.29,3600,3600,3600,3600,3600,3600,3600,3600,3600,3600,3600,3600
"None","Aggregated","1592019818",152,0,0.10,0.00,76,29653,2,159007.07,1329073.29,3600,3600,3600,3600,3600,3600,3600,3600,3600,3600,3600,3600
"None","Aggregated","1592019820",152,0,0.10,0.00,76,29653,2,159007.07,1329073.29,3600,3600,3600,3600,3600,3600,3600,3600,3600,3600,3600,3600
"None","Aggregated","1592019822",152,0,0.10,0.00,76,29653,2,159007.07,1329073.29,3600,3600,3600,3600,3600,3600,3600,3600,3600,3600,3600,3600
"None","Aggregated","1592019824",152,0,0.10,0.00,76,29653,2,159007.07,1329073.29,3600,3600,3600,3600,3600,3600,3600,3600,3600,3600,3600,3600
"None","Aggregated","1592019826",152,0,0.10,0.00,76,29653,2,159007.07,1329073.29,3600,3600,3600,3600,3600,3600,3600,3600,3600,3600,3600,3600
"None","Aggregated","1592019828",152,0,0.10,0.00,76,29653,2,159007.07,1329073.29,3600,3600,3600,3600,3600,3600,3600,3600,3600,3600,3600,3600
"None","Aggregated","1592019830",153,0,0.00,0.00,76,29459,2,159007.07,1320688.97,23,23,23,23,23,23,23,23,23,23,23,23
"None","Aggregated","1592019832",153,0,0.00,0.00,76,29459,2,159007.07,1320688.97,23,23,23,23,23,23,23,23,23,23,23,23
"None","Aggregated","1592019834",154,0,0.10,0.00,76,29286,2,159007.07,1334332.49,2800,2800,2800,2800,2800,2800,2800,2800,2800,2800,2800,2800
"None","Aggregated","1592019836",154,0,0.10,0.00,76,29286,2,159007.07,1334332.49,2800,2800,2800,2800,2800,2800,2800,2800,2800,2800,2800,2800
"None","Aggregated","1592019838",154,0,0.10,0.00,76,29286,2,159007.07,1334332.49,2800,2800,2800,2800,2800,2800,2800,2800,2800,2800,2800,2800
"None","Aggregated","1592019840",154,0,0.10,0.00,76,29286,2,159007.07,1334332.49,2800,2800,2800,2800,2800,2800,2800,2800,2800,2800,2800,2800
"None","Aggregated","1592019842",154,0,0.10,0.00,76,29286,2,159007.07,1334332.49,2800,2800,2800,2800,2800,2800,2800,2800,2800,2800,2800,2800
"None","Aggregated","1592019844",154,0,0.10,0.00,76,29286,2,159007.07,1334332.49,2800,2800,2800,2800,2800,2800,2800,2800,2800,2800,2800,2800
"None","Aggregated","1592019846",155,0,0.00,0.00,76,29097,2,159007.07,1325748.05,2800,2800,2800,2800,2800,2800,2800,2800,2800,2800,2800,2800
"None","Aggregated","1592019848",155,0,0.00,0.00,76,29097,2,159007.07,1325748.05,2800,2800,2800,2800,2800,2800,2800,2800,2800,2800,2800,2800
"None","Aggregated","1592019850",155,0,0.00,0.00,76,29097,2,159007.07,1325748.05,47,47,47,47,47,47,47,47,47,47,47,47
"None","Aggregated","1592019852",155,0,0.00,0.00,76,29097,2,159007.07,1325748.05,47,47,47,47,47,47,47,47,47,47,47,47
"None","Aggregated","1592019854",155,0,0.00,0.00,76,29097,2,159007.07,1325748.05,47,47,47,47,47,47,47,47,47,47,47,47
"None","Aggregated","1592019856",155,0,0.00,0.00,76,29097,2,159007.07,1325748.05,47,47,47,47,47,47,47,47,47,47,47,47
"None","Aggregated","1592019858",155,0,0.00,0.00,76,29097,2,159007.07,1325748.05,47,47,47,47,47,47,47,47,47,47,47,47
"None","Aggregated","1592019860",155,0,0.00,0.00,76,29097,2,159007.07,1325748.05,47,47,47,47,47,47,47,47,47,47,47,47
"None","Aggregated","1592019862",156,0,0.00,0.00,76,29006,2,159007.07,1317352.54,15000,15000,15000,15000,15000,15000,15000,15000,15000,15000,15000,15000
"None","Aggregated","1592019864",156,0,0.00,0.00,76,29006,2,159007.07,1317352.54,15000,15000,15000,15000,15000,15000,15000,15000,15000,15000,15000,15000
"None","Aggregated","1592019866",156,0,0.00,0.00,76,29006,2,159007.07,1317352.54,15000,15000,15000,15000,15000,15000,15000,15000,15000,15000,15000,15000
"None","Aggregated","1592019868",156,0,0.00,0.00,76,29006,2,159007.07,1317352.54,15000,15000,15000,15000,15000,15000,15000,15000,15000,15000,15000,15000
"None","Aggregated","1592019870",156,0,0.00,0.00,76,29006,2,159007.07,1317352.54,15000,15000,15000,15000,15000,15000,15000,15000,15000,15000,15000,15000
"None","Aggregated","1592019872",156,0,0.00,0.00,76,29006,2,159007.07,1317352.54,15000,15000,15000,15000,15000,15000,15000,15000,15000,15000,15000,15000
"None","Aggregated","1592019874",156,0,0.00,0.00,76,29006,2,159007.07,1317352.54,15000,15000,15000,15000,15000,15000,15000,15000,15000,15000,15000,15000
"None","Aggregated","1592019876",156,0,0.00,0.00,76,29006,2,159007.07,1317352.54,15000,15000,15000,15000,15000,15000,15000,15000,15000,15000,15000,15000
"None","Aggregated","1592019878",156,0,0.00,0.00,76,29006,2,159007.07,1317352.54,15000,15000,15000,15000,15000,15000,15000,15000,15000,15000,15000,15000
"None","Aggregated","1592019880",156,0,0.00,0.00,76,29006,2,159007.07,1317352.54,0,0,0,0,0,0,0,0,0,0,0,0
"None","Aggregated","1592019882",156,0,0.00,0.00,76,29006,2,159007.07,1317352.54,0,0,0,0,0,0,0,0,0,0,0,0
"None","Aggregated","1592019884",156,0,0.00,0.00,76,29006,2,159007.07,1317352.54,0,0,0,0,0,0,0,0,0,0,0,0
"None","Aggregated","1592019886",156,0,0.00,0.00,76,29006,2,159007.07,1317352.54,0,0,0,0,0,0,0,0,0,0,0,0
"None","Aggregated","1592019888",156,0,0.00,0.00,76,29006,2,159007.07,1317352.54,0,0,0,0,0,0,0,0,0,0,0,0
"None","Aggregated","1592019890",156,0,0.00,0.00,76,29006,2,159007.07,1317352.54,0,0,0,0,0,0,0,0,0,0,0,0
"None","Aggregated","1592019892",156,0,0.00,0.00,76,29006,2,159007.07,1317352.54,0,0,0,0,0,0,0,0,0,0,0,0
"None","Aggregated","1592019894",157,0,0.00,0.00,76,28822,2,159007.07,1309293.35,0,0,0,0,0,0,0,0,0,0,0,0
"None","Aggregated","1592019896",157,0,0.00,0.00,76,28822,2,159007.07,1309293.35,68,68,68,68,68,68,68,68,68,68,68,68
"None","Aggregated","1592019898",158,0,0.00,0.00,76,28655,2,159007.07,1305172.09,2500,2500,2500,2500,2500,2500,2500,2500,2500,2500,2500,2500
"None","Aggregated","1592019900",158,0,0.00,0.00,76,28655,2,159007.07,1305172.09,2500,2500,2500,2500,2500,2500,2500,2500,2500,2500,2500,2500
"None","Aggregated","1592019902",158,0,0.00,0.00,76,28655,2,159007.07,1305172.09,2500,2500,2500,2500,2500,2500,2500,2500,2500,2500,2500,2500
"None","Aggregated","1592019904",158,0,0.00,0.00,76,28655,2,159007.07,1305172.09,2500,2500,2500,2500,2500,2500,2500,2500,2500,2500,2500,2500
"None","Aggregated","1592019906",158,0,0.00,0.00,76,28655,2,159007.07,1305172.09,2500,2500,2500,2500,2500,2500,2500,2500,2500,2500,2500,2500
"None","Aggregated","1592019908",158,0,0.00,0.00,76,28655,2,159007.07,1305172.09,2500,2500,2500,2500,2500,2500,2500,2500,2500,2500,2500,2500
"None","Aggregated","1592019910",159,0,0.00,0.00,76,28475,2,159007.07,1297217.38,2500,2500,2500,2500,2500,2500,2500,2500,2500,2500,2500,2500
"None","Aggregated","1592019912",159,0,0.00,0.00,76,28475,2,159007.07,1297217.38,52,52,52,52,52,52,52,52,52,52,52,52
"None","Aggregated","1592019914",159,0,0.00,0.00,76,28475,2,159007.07,1297217.38,52,52,52,52,52,52,52,52,52,52,52,52
"None","Aggregated","1592019916",159,0,0.00,0.00,76,28475,2,159007.07,1297217.38,52,52,52,52,52,52,52,52,52,52,52,52
"None","Aggregated","1592019918",160,0,0.10,0.00,76,28352,2,159007.07,1291104.71,8700,8700,8700,8700,8700,8700,8700,8700,8700,8700,8700,8700
"None","Aggregated","1592019920",160,0,0.10,0.00,76,28352,2,159007.07,1291104.71,8700,8700,8700,8700,8700,8700,8700,8700,8700,8700,8700,8700
"None","Aggregated","1592019922",160,0,0.10,0.00,76,28352,2,159007.07,1291104.71,8700,8700,8700,8700,8700,8700,8700,8700,8700,8700,8700,8700
"None","Aggregated","1592019924",160,0,0.10,0.00,76,28352,2,159007.07,1291104.71,8700,8700,8700,8700,8700,8700,8700,8700,8700,8700,8700,8700
"None","Aggregated","1592019926",160,0,0.10,0.00,76,28352,2,159007.07,1291104.71,8700,8700,8700,8700,8700,8700,8700,8700,8700,8700,8700,8700
"None","Aggregated","1592019928",160,0,0.10,0.00,76,28352,2,159007.07,1291104.71,8700,8700,8700,8700,8700,8700,8700,8700,8700,8700,8700,8700
"None","Aggregated","1592019930",161,0,0.10,0.00,76,28176,2,159007.07,1283336.19,8700,8700,8700,8700,8700,8700,8700,8700,8700,8700,8700,8700
"None","Aggregated","1592019932",161,0,0.10,0.00,76,28176,2,159007.07,1283336.19,8700,8700,8700,8700,8700,8700,8700,8700,8700,8700,8700,8700
"None","Aggregated","1592019934",162,0,0.10,0.00,76,28008,2,159007.07,1275700.00,1000,1000,1000,1000,1000,1000,1000,1000,1000,1000,1000,1000
"None","Aggregated","1592019936",162,0,0.10,0.00,76,28008,2,159007.07,1275700.00,1000,1000,1000,1000,1000,1000,1000,1000,1000,1000,1000,1000
"None","Aggregated","1592019938",163,0,0.20,0.00,190,27867,2,159007.07,1268691.60,1000,1000,5000,5000,5000,5000,5000,5000,5000,5000,5000,5000
"None","Aggregated","1592019940",163,0,0.20,0.00,190,27867,2,159007.07,1268691.60,1000,1000,5000,5000,5000,5000,5000,5000,5000,5000,5000,5000
"None","Aggregated","1592019942",164,0,0.30,0.00,190,27771,2,159007.07,1262883.93,5000,5000,12000,12000,12000,12000,12000,12000,12000,12000,12000,12000
"None","Aggregated","1592019944",164,0,0.30,0.00,190,27771,2,159007.07,1262883.93,5000,5000,12000,12000,12000,12000,12000,12000,12000,12000,12000,12000
"None","Aggregated","1592019946",165,0,0.20,0.00,190,27603,2,159007.07,1255545.60,5000,5000,12000,12000,12000,12000,12000,12000,12000,12000,12000,12000
"None","Aggregated","1592019948",165,0,0.20,0.00,190,27603,2,159007.07,1255545.60,5000,5000,12000,12000,12000,12000,12000,12000,12000,12000,12000,12000
"None","Aggregated","1592019950",166,0,0.30,0.00,190,27455,2,159007.07,1269138.81,3000,3000,12000,12000,12000,12000,12000,12000,12000,12000,12000,12000
"None","Aggregated","1592019952",166,0,0.30,0.00,190,27455,2,159007.07,1269138.81,3000,3000,12000,12000,12000,12000,12000,12000,12000,12000,12000,12000
"None","Aggregated","1592019954",166,0,0.30,0.00,190,27455,2,159007.07,1269138.81,3000,3000,3000,3000,3000,3000,3000,3000,3000,3000,3000,3000
"None","Aggregated","1592019956",166,0,0.30,0.00,190,27455,2,159007.07,1269138.81,3000,3000,3000,3000,3000,3000,3000,3000,3000,3000,3000,3000
"None","Aggregated","1592019958",166,0,0.30,0.00,190,27455,2,159007.07,1269138.81,3000,3000,3000,3000,3000,3000,3000,3000,3000,3000,3000,3000
"None","Aggregated","1592019960",166,0,0.30,0.00,190,27455,2,159007.07,1269138.81,3000,3000,3000,3000,3000,3000,3000,3000,3000,3000,3000,3000
"None","Aggregated","1592019962",166,0,0.30,0.00,190,27455,2,159007.07,1269138.81,3000,3000,3000,3000,3000,3000,3000,3000,3000,3000,3000,3000
"None","Aggregated","1592019964",166,0,0.30,0.00,190,27455,2,159007.07,1269138.81,3000,3000,3000,3000,3000,3000,3000,3000,3000,3000,3000,3000
"None","Aggregated","1592019966",166,0,0.30,0.00,190,27455,2,159007.07,1269138.81,3000,3000,3000,3000,3000,3000,3000,3000,3000,3000,3000,3000
"None","Aggregated","1592019968",166,0,0.30,0.00,190,27455,2,159007.07,1269138.81,0,0,0,0,0,0,0,0,0,0,0,0
"None","Aggregated","1592019970",166,0,0.30,0.00,190,27455,2,159007.07,1269138.81,0,0,0,0,0,0,0,0,0,0,0,0
"None","Aggregated","1592019972",166,0,0.30,0.00,190,27455,2,159007.07,1269138.81,0,0,0,0,0,0,0,0,0,0,0,0
"None","Aggregated","1592019974",166,0,0.30,0.00,190,27455,2,159007.07,1269138.81,0,0,0,0,0,0,0,0,0,0,0,0
"None","Aggregated","1592019976",166,0,0.30,0.00,190,27455,2,159007.07,1269138.81,0,0,0,0,0,0,0,0,0,0,0,0
"None","Aggregated","1592019978",166,0,0.30,0.00,190,27455,2,159007.07,1269138.81,0,0,0,0,0,0,0,0,0,0,0,0
"None","Aggregated","1592019980",166,0,0.30,0.00,190,27455,2,159007.07,1269138.81,0,0,0,0,0,0,0,0,0,0,0,0
"None","Aggregated","1592019982",166,0,0.30,0.00,190,27455,2,159007.07,1269138.81,0,0,0,0,0,0,0,0,0,0,0,0
"None","Aggregated","1592019984",166,0,0.30,0.00,190,27455,2,159007.07,1269138.81,0,0,0,0,0,0,0,0,0,0,0,0
"None","Aggregated","1592019986",167,0,0.00,0.00,190,27291,2,159007.07,1261561.60,50,50,50,50,50,50,50,50,50,50,50,50
"None","Aggregated","1592019988",167,0,0.00,0.00,190,27291,2,159007.07,1261561.60,50,50,50,50,50,50,50,50,50,50,50,50
"None","Aggregated","1592019990",167,0,0.00,0.00,190,27291,2,159007.07,1261561.60,50,50,50,50,50,50,50,50,50,50,50,50
"None","Aggregated","1592019992",167,0,0.00,0.00,190,27291,2,159007.07,1261561.60,50,50,50,50,50,50,50,50,50,50,50,50
"None","Aggregated","1592019994",167,0,0.00,0.00,190,27291,2,159007.07,1261561.60,50,50,50,50,50,50,50,50,50,50,50,50
"None","Aggregated","1592019996",167,0,0.00,0.00,190,27291,2,159007.07,1261561.60,50,50,50,50,50,50,50,50,50,50,50,50
"None","Aggregated","1592019998",167,0,0.00,0.00,190,27291,2,159007.07,1261561.60,50,50,50,50,50,50,50,50,50,50,50,50
"None","Aggregated","1592020000",167,0,0.00,0.00,190,27291,2,159007.07,1261561.60,50,50,50,50,50,50,50,50,50,50,50,50
"None","Aggregated","1592020002",168,0,0.00,0.00,190,27224,2,159007.07,1254147.68,16000,16000,16000,16000,16000,16000,16000,16000,16000,16000,16000,16000
"None","Aggregated","1592020004",168,0,0.00,0.00,190,27224,2,159007.07,1254147.68,16000,16000,16000,16000,16000,16000,16000,16000,16000,16000,16000,16000
"None","Aggregated","1592020005",168,0,0.00,0.00,190,27224,2,159007.07,1254147.68,16000,16000,16000,16000,16000,16000,16000,16000,16000,16000,16000,16000
